{"cameraMode":{"drawMode":0,"name":"Shaded","section":"Shading Mode"},"sceneLighting":false,"audioPlay":false,"sceneViewState":{"m_AlwaysRefresh":false,"showFog":true,"showSkybox":false,"showFlares":true,"showImageEffects":true,"showParticleSystems":true,"showVisualEffectGraphs":true,"m_FxEnabled":true},"in2DMode":false,"pivot":{"x":-1.4901161193847657e-8,"y":0.05660020560026169,"z":-0.06464695930480957},"rotation":{"x":-0.04485005512833595,"y":0.950575590133667,"z":-0.16416102647781373,"w":-0.25970447063446047},"size":0.47904011607170107,"orthographic":false}