{"cameraMode":{"drawMode":0,"name":"Shaded","section":"Shading Mode"},"sceneLighting":false,"audioPlay":false,"sceneViewState":{"m_AlwaysRefresh":false,"showFog":true,"showSkybox":false,"showFlares":true,"showImageEffects":true,"showParticleSystems":true,"showVisualEffectGraphs":true,"m_FxEnabled":true},"in2DMode":false,"pivot":{"x":0.011528506875038147,"y":0.29479628801345827,"z":0.012698397040367127},"rotation":{"x":-0.04485005512833595,"y":0.950575590133667,"z":-0.16416102647781373,"w":-0.25970447063446047},"size":0.4614424705505371,"orthographic":false}