{"cameraMode":{"drawMode":0,"name":"Shaded","section":"Shading Mode"},"sceneLighting":false,"audioPlay":false,"sceneViewState":{"m_AlwaysRefresh":false,"showFog":true,"showSkybox":false,"showFlares":true,"showImageEffects":true,"showParticleSystems":true,"showVisualEffectGraphs":true,"m_FxEnabled":true},"in2DMode":false,"pivot":{"x":-0.010059908032417298,"y":0.057818055152893069,"z":0.10752081871032715},"rotation":{"x":-0.13039766252040864,"y":0.34971052408218386,"z":-0.04917372390627861,"w":-0.9264836311340332},"size":0.14534425735473634,"orthographic":false}