{"cameraMode":{"drawMode":0,"name":"Shaded","section":"Shading Mode"},"sceneLighting":false,"audioPlay":false,"sceneViewState":{"m_AlwaysRefresh":false,"showFog":true,"showSkybox":false,"showFlares":true,"showImageEffects":true,"showParticleSystems":true,"showVisualEffectGraphs":true,"m_FxEnabled":true},"in2DMode":false,"pivot":{"x":-0.8647463321685791,"y":1.7366278171539307,"z":-0.3203432857990265},"rotation":{"x":-0.6883715391159058,"y":0.31064480543136599,"z":-0.4409730136394501,"w":-0.4850386679172516},"size":0.12969550490379334,"orthographic":false}