{"cameraMode":{"drawMode":0,"name":"Shaded","section":"Shading Mode"},"sceneLighting":false,"audioPlay":false,"sceneViewState":{"m_AlwaysRefresh":false,"showFog":true,"showSkybox":false,"showFlares":true,"showImageEffects":true,"showParticleSystems":true,"showVisualEffectGraphs":true,"m_FxEnabled":true},"in2DMode":false,"pivot":{"x":0.00745359156280756,"y":2.0595149993896486,"z":-0.07213985919952393},"rotation":{"x":-0.49809351563453677,"y":0.4899873435497284,"z":-0.4230925738811493,"w":-0.5769588947296143},"size":0.2177674025297165,"orthographic":false}