{"cameraMode":{"drawMode":0,"name":"Shaded","section":"Shading Mode"},"sceneLighting":false,"audioPlay":false,"sceneViewState":{"m_AlwaysRefresh":false,"showFog":true,"showSkybox":false,"showFlares":true,"showImageEffects":true,"showParticleSystems":true,"showVisualEffectGraphs":true,"m_FxEnabled":true},"in2DMode":false,"pivot":{"x":0.0003690570592880249,"y":0.01798010617494583,"z":0.0011871159076690674},"rotation":{"x":-0.04485005512833595,"y":0.950575590133667,"z":-0.16416102647781373,"w":-0.25970447063446047},"size":0.18840910494327546,"orthographic":false}